riscv_name,mips_name,root_name,format,rname_upper,rname_upper
vaadd.vv,mulr_q.w,def MULR_Q_W,v,VAADD_VV,VAADD_VV
vaadd.vx,addv.w,def ADDV_W,v,VAADD_VX,VAADD_VX
vaaddu.vv,fsqrt.w,def FSQRT_W,v,VAADDU_VV,VAADDU_VV
vaaddu.vx,sat_s.w,def SAT_S_W,v,VAADDU_VX,VAADDU_VX
vadc.vim,subsuu_s.w,def SUBSUU_S_W,v,VADC_VIM,VADC_VIM
vadc.vvm,msub_q.w,def MSUB_Q_W,v,VADC_VVM,VADC_VVM
vadc.vxm,fsqrt.w,def FSQRT_W,v,VADC_VXM,VADC_VXM
vadd.vi,addv.w,def ADDV_W,v,VADD_VI,VADD_VI
vadd.vv,mod_u.w,def MOD_U_W,v,VADD_VV,VADD_VV
vadd.vx,sat_s.w,def SAT_S_W,v,VADD_VX,VADD_VX
vand.vi,bseli.b,def BSELI_B,v,VAND_VI,VAND_VI
vand.vv,bset.w,def BSET_W,v,VAND_VV,VAND_VV
vand.vx,bset.w,def BSET_W,v,VAND_VX,VAND_VX
vasub.vv,mod_u.w,def MOD_U_W,v,VASUB_VV,VASUB_VV
vasub.vx,mulr_q.w,def MULR_Q_W,v,VASUB_VX,VASUB_VX
vasubu.vv,addv.w,def ADDV_W,v,VASUBU_VV,VASUBU_VV
vasubu.vx,addv.w,def ADDV_W,v,VASUBU_VX,VASUBU_VX
vcompress.vm,fexupr.w,def FEXUPR_W,v,VCOMPRESS_VM,VCOMPRESS_VM
vdiv.vv,dpadd_s.w,def DPADD_S_W,v,VDIV_VV,VDIV_VV
vdiv.vx,subv.w,def SUBV_W,v,VDIV_VX,VDIV_VX
vdivu.vv,frcp.w,def FRCP_W,v,VDIVU_VV,VDIVU_VV
vdivu.vx,addv.w,def ADDV_W,v,VDIVU_VX,VDIVU_VX
vfadd.vf,subs_u.w,def SUBS_U_W,v,VFADD_VF,VFADD_VF
vfadd.vv,fadd.w,def FADD_W,v,VFADD_VV,VFADD_VV
vfclass.v,fclass.w,def FCLASS_W,v,VFCLASS_V,VFCLASS_V
vfcvt.f.x.v,ftint_u.w,def FTINT_U_W,v,VFCVT_F_X_V,VFCVT_F_X_V
vfcvt.f.xu.v,ffqr.w,def FFQR_W,v,VFCVT_F_XU_V,VFCVT_F_XU_V
vfcvt.rtz.x.f.v,ffqr.w,def FFQR_W,v,VFCVT_RTZ_X_F_V,VFCVT_RTZ_X_F_V
vfcvt.rtz.xu.f.v,fexupl.w,def FEXUPL_W,v,VFCVT_RTZ_XU_F_V,VFCVT_RTZ_XU_F_V
vfcvt.x.f.v,ffqr.w,def FFQR_W,v,VFCVT_X_F_V,VFCVT_X_F_V
vfcvt.xu.f.v,fexupr.w,def FEXUPR_W,v,VFCVT_XU_F_V,VFCVT_XU_F_V
vfdiv.vf,dpsub_s.w,def DPSUB_S_W,v,VFDIV_VF,VFDIV_VF
vfdiv.vv,mulr_q.w,def MULR_Q_W,v,VFDIV_VV,VFDIV_VV
vfirst.m,nloc.w,def NLOC_W,v,VFIRST_M,VFIRST_M
vfmacc.vf,frint.w,def FRINT_W,v,VFMACC_VF,VFMACC_VF
vfmacc.vv,ave_u.w,def AVE_U_W,v,VFMACC_VV,VFMACC_VV
vfmadd.vf,fexp2.w,def FEXP2_W,v,VFMADD_VF,VFMADD_VF
vfmadd.vv,dotp_s.w,def DOTP_S_W,v,VFMADD_VV,VFMADD_VV
vfmax.vf,min_u.w,def MIN_U_W,v,VFMAX_VF,VFMAX_VF
vfmax.vv,fmin.w,def FMIN_W,v,VFMAX_VV,VFMAX_VV
vfmerge.vfm,ftrunc_s.w,def FTRUNC_S_W,v,VFMERGE_VFM,VFMERGE_VFM
vfmin.vf,fsne.w,def FSNE_W,v,VFMIN_VF,VFMIN_VF
vfmin.vv,fsne.w,def FSNE_W,v,VFMIN_VV,VFMIN_VV
vfmsac.vf,frcp.w,def FRCP_W,v,VFMSAC_VF,VFMSAC_VF
vfmsac.vv,frsqrt.w,def FRSQRT_W,v,VFMSAC_VV,VFMSAC_VV
vfmsub.vf,frint.w,def FRINT_W,v,VFMSUB_VF,VFMSUB_VF
vfmsub.vv,fsub.w,def FSUB_W,v,VFMSUB_VV,VFMSUB_VV
vfmul.vf,fmadd.w,def FMADD_W,v,VFMUL_VF,VFMUL_VF
vfmul.vv,fsub.w,def FSUB_W,v,VFMUL_VV,VFMUL_VV
vfmv.f.s,cfcmsa,def CFCMSA,v,VFMV_F_S,VFMV_F_S
vfmv.s.f,copy_s.w,def COPY_S_W,v,VFMV_S_F,VFMV_S_F
vfmv.v.f,move.v,def MOVE_V,v,VFMV_V_F,VFMV_V_F
vfncvt.f.f.w,fexupl.w,def FEXUPL_W,v,VFNCVT_F_F_W,VFNCVT_F_F_W
vfncvt.f.x.w,ffint_s.w,def FFINT_S_W,v,VFNCVT_F_X_W,VFNCVT_F_X_W
vfncvt.f.xu.w,fexupr.w,def FEXUPR_W,v,VFNCVT_F_XU_W,VFNCVT_F_XU_W
vfncvt.rod.f.f.w,ffqr.w,def FFQR_W,v,VFNCVT_ROD_F_F_W,VFNCVT_ROD_F_F_W
vfncvt.rtz.x.f.w,ffqr.w,def FFQR_W,v,VFNCVT_RTZ_X_F_W,VFNCVT_RTZ_X_F_W
vfncvt.rtz.xu.f.w,fexupr.w,def FEXUPR_W,v,VFNCVT_RTZ_XU_F_W,VFNCVT_RTZ_XU_F_W
vfncvt.x.f.w,fexupl.w,def FEXUPL_W,v,VFNCVT_X_F_W,VFNCVT_X_F_W
vfncvt.xu.f.w,ftrunc_s.w,def FTRUNC_S_W,v,VFNCVT_XU_F_W,VFNCVT_XU_F_W
vfnmacc.vf,fsub.w,def FSUB_W,v,VFNMACC_VF,VFNMACC_VF
vfnmacc.vv,ave_u.w,def AVE_U_W,v,VFNMACC_VV,VFNMACC_VV
vfnmadd.vf,ave_u.w,def AVE_U_W,v,VFNMADD_VF,VFNMADD_VF
vfnmadd.vv,dpsub_s.w,def DPSUB_S_W,v,VFNMADD_VV,VFNMADD_VV
vfnmsac.vf,fexp2.w,def FEXP2_W,v,VFNMSAC_VF,VFNMSAC_VF
vfnmsac.vv,subsuu_s.w,def SUBSUU_S_W,v,VFNMSAC_VV,VFNMSAC_VV
vfnmsub.vf,dpsub_s.w,def DPSUB_S_W,v,VFNMSUB_VF,VFNMSUB_VF
vfnmsub.vv,dotp_s.w,def DOTP_S_W,v,VFNMSUB_VV,VFNMSUB_VV
vfrdiv.vf,maddr_q.w,def MADDR_Q_W,v,VFRDIV_VF,VFRDIV_VF
vfrec7.v,frsqrt.w,def FRSQRT_W,v,VFREC7_V,VFREC7_V
vfredmax.vs,clti_s.w,def CLTI_S_W,v,VFREDMAX_VS,VFREDMAX_VS
vfredmin.vs,fcle.w,def FCLE_W,v,VFREDMIN_VS,VFREDMIN_VS
vfredsum.vs,ave_u.w,def AVE_U_W,v,VFREDSUM_VS,VFREDSUM_VS
vfrsqrt7.v,frsqrt.w,def FRSQRT_W,v,VFRSQRT7_V,VFRSQRT7_V
vfrsub.vf,maddr_q.w,def MADDR_Q_W,v,VFRSUB_VF,VFRSUB_VF
vfsgnj.vf,splati.w,def SPLATI_W,v,VFSGNJ_VF,VFSGNJ_VF
vfsgnj.vv,insert.w,def INSERT_W,v,VFSGNJ_VV,VFSGNJ_VV
vfsgnjn.vf,insert.w,def INSERT_W,v,VFSGNJN_VF,VFSGNJN_VF
vfsgnjn.vv,insert.w,def INSERT_W,v,VFSGNJN_VV,VFSGNJN_VV
vfsgnjx.vf,insert.w,def INSERT_W,v,VFSGNJX_VF,VFSGNJX_VF
vfsgnjx.vv,splati.w,def SPLATI_W,v,VFSGNJX_VV,VFSGNJX_VV
vfslide1down.vf,ilvr.w,def ILVR_W,v,VFSLIDE1DOWN_VF,VFSLIDE1DOWN_VF
vfslide1up.vf,ilvl.w,def ILVL_W,v,VFSLIDE1UP_VF,VFSLIDE1UP_VF
vfsqrt.v,fdiv.w,def FDIV_W,v,VFSQRT_V,VFSQRT_V
vfsub.vf,frsqrt.w,def FRSQRT_W,v,VFSUB_VF,VFSUB_VF
vfsub.vv,fadd.w,def FADD_W,v,VFSUB_VV,VFSUB_VV
vfwadd.vf,fmadd.d,def FMADD_D,v,VFWADD_VF,VFWADD_VF
vfwadd.vv,mod_u.d,def MOD_U_D,v,VFWADD_VV,VFWADD_VV
vfwadd.wf,fsub.d,def FSUB_D,v,VFWADD_WF,VFWADD_WF
vfwadd.wv,fdiv.d,def FDIV_D,v,VFWADD_WV,VFWADD_WV
vfwcvt.f.f.v,fexupr.w,def FEXUPR_W,v,VFWCVT_F_F_V,VFWCVT_F_F_V
vfwcvt.f.x.v,fexupr.w,def FEXUPR_W,v,VFWCVT_F_X_V,VFWCVT_F_X_V
vfwcvt.f.xu.v,ffqr.w,def FFQR_W,v,VFWCVT_F_XU_V,VFWCVT_F_XU_V
vfwcvt.rtz.x.f.v,fexupl.w,def FEXUPL_W,v,VFWCVT_RTZ_X_F_V,VFWCVT_RTZ_X_F_V
vfwcvt.rtz.xu.f.v,ftint_u.w,def FTINT_U_W,v,VFWCVT_RTZ_XU_F_V,VFWCVT_RTZ_XU_F_V
vfwcvt.x.f.v,ftrunc_s.w,def FTRUNC_S_W,v,VFWCVT_X_F_V,VFWCVT_X_F_V
vfwcvt.xu.f.v,ftint_s.w,def FTINT_S_W,v,VFWCVT_XU_F_V,VFWCVT_XU_F_V
vfwmacc.vf,fmsub.d,def FMSUB_D,v,VFWMACC_VF,VFWMACC_VF
vfwmacc.vv,msubv.d,def MSUBV_D,v,VFWMACC_VV,VFWMACC_VV
vfwmsac.vf,fmadd.d,def FMADD_D,v,VFWMSAC_VF,VFWMSAC_VF
vfwmsac.vv,subs_s.d,def SUBS_S_D,v,VFWMSAC_VV,VFWMSAC_VV
vfwmul.vf,fadd.w,def FADD_W,v,VFWMUL_VF,VFWMUL_VF
vfwmul.vv,fsub.w,def FSUB_W,v,VFWMUL_VV,VFWMUL_VV
vfwnmacc.vf,frint.d,def FRINT_D,v,VFWNMACC_VF,VFWNMACC_VF
vfwnmacc.vv,fsqrt.d,def FSQRT_D,v,VFWNMACC_VV,VFWNMACC_VV
vfwnmsac.vf,fmsub.d,def FMSUB_D,v,VFWNMSAC_VF,VFWNMSAC_VF
vfwnmsac.vv,fsub.d,def FSUB_D,v,VFWNMSAC_VV,VFWNMSAC_VV
vfwredsum.vs,ld.d,def LD_D,v,VFWREDSUM_VS,VFWREDSUM_VS
vfwsub.vf,frcp.d,def FRCP_D,v,VFWSUB_VF,VFWSUB_VF
vfwsub.vv,fsqrt.d,def FSQRT_D,v,VFWSUB_VV,VFWSUB_VV
vfwsub.wf,mod_u.d,def MOD_U_D,v,VFWSUB_WF,VFWSUB_WF
vfwsub.wv,fmsub.d,def FMSUB_D,v,VFWSUB_WV,VFWSUB_WV
vid.v,nloc.w,def NLOC_W,v,VID_V,VID_V
viota.m,bmnz.v,def BMNZ_V,v,VIOTA_M,VIOTA_M
vl1re16.v,ldi.h,def LDI_H,v,VL1RE16_V,VL1RE16_V
vl1re32.v,ld.w,def LD_W,v,VL1RE32_V,VL1RE32_V
vl1re64.v,ldi.d,def LDI_D,v,VL1RE64_V,VL1RE64_V
vl1re8.v,ldi.b,def LDI_B,v,VL1RE8_V,VL1RE8_V
vl2re16.v,ld.h,def LD_H,v,VL2RE16_V,VL2RE16_V
vl2re32.v,ld.w,def LD_W,v,VL2RE32_V,VL2RE32_V
vl2re64.v,ld.d,def LD_D,v,VL2RE64_V,VL2RE64_V
vl2re8.v,ldi.b,def LDI_B,v,VL2RE8_V,VL2RE8_V
vl4re16.v,ldi.h,def LDI_H,v,VL4RE16_V,VL4RE16_V
vl4re32.v,ldi.w,def LDI_W,v,VL4RE32_V,VL4RE32_V
vl4re64.v,ldi.d,def LDI_D,v,VL4RE64_V,VL4RE64_V
vl4re8.v,ldi.b,def LDI_B,v,VL4RE8_V,VL4RE8_V
vl8re16.v,ld.h,def LD_H,v,VL8RE16_V,VL8RE16_V
vl8re32.v,ld.w,def LD_W,v,VL8RE32_V,VL8RE32_V
vl8re64.v,ldi.d,def LDI_D,v,VL8RE64_V,VL8RE64_V
vl8re8.v,ldi.b,def LDI_B,v,VL8RE8_V,VL8RE8_V
vle1.v,ldi.w,def LDI_W,v,VLE1_V,VLE1_V
vle16.v,ld.h,def LD_H,v,VLE16_V,VLE16_V
vle16ff.v,ldi.h,def LDI_H,v,VLE16FF_V,VLE16FF_V
vle32.v,ld.w,def LD_W,v,VLE32_V,VLE32_V
vle32ff.v,ld.w,def LD_W,v,VLE32FF_V,VLE32FF_V
vle64.v,ldi.d,def LDI_D,v,VLE64_V,VLE64_V
vle64ff.v,ldi.d,def LDI_D,v,VLE64FF_V,VLE64FF_V
vle8.v,ld.b,def LD_B,v,VLE8_V,VLE8_V
vle8ff.v,ldi.b,def LDI_B,v,VLE8FF_V,VLE8FF_V
vloxei32.v,ld.w,def LD_W,v,VLOXEI32_V,VLOXEI32_V
vloxei16.v,ld.h,def LD_H,v,VLOXEI16_V,VLOXEI16_V
vloxei64.v,ld.d,def LD_D,v,VLOXEI64_V,VLOXEI64_V
vloxei8.v,ld.b,def LD_B,v,VLOXEI8_V,VLOXEI8_V
vloxseg2ei16.v,ld.h,def LD_H,v,VLOXSEG2EI16_V,VLOXSEG2EI16_V
vloxseg2ei32.v,ld.w,def LD_W,v,VLOXSEG2EI32_V,VLOXSEG2EI32_V
vloxseg2ei64.v,ld.d,def LD_D,v,VLOXSEG2EI64_V,VLOXSEG2EI64_V
vloxseg2ei8.v,ldi.b,def LDI_B,v,VLOXSEG2EI8_V,VLOXSEG2EI8_V
vloxseg3ei16.v,ld.h,def LD_H,v,VLOXSEG3EI16_V,VLOXSEG3EI16_V
vloxseg3ei32.v,ld.w,def LD_W,v,VLOXSEG3EI32_V,VLOXSEG3EI32_V
vloxseg3ei64.v,ld.d,def LD_D,v,VLOXSEG3EI64_V,VLOXSEG3EI64_V
vloxseg3ei8.v,ld.b,def LD_B,v,VLOXSEG3EI8_V,VLOXSEG3EI8_V
vloxseg4ei16.v,ld.h,def LD_H,v,VLOXSEG4EI16_V,VLOXSEG4EI16_V
vloxseg4ei32.v,ld.w,def LD_W,v,VLOXSEG4EI32_V,VLOXSEG4EI32_V
vloxseg4ei64.v,ld.d,def LD_D,v,VLOXSEG4EI64_V,VLOXSEG4EI64_V
vloxseg4ei8.v,ldi.b,def LDI_B,v,VLOXSEG4EI8_V,VLOXSEG4EI8_V
vloxseg5ei16.v,ld.h,def LD_H,v,VLOXSEG5EI16_V,VLOXSEG5EI16_V
vloxseg5ei32.v,ld.w,def LD_W,v,VLOXSEG5EI32_V,VLOXSEG5EI32_V
vloxseg5ei64.v,ld.d,def LD_D,v,VLOXSEG5EI64_V,VLOXSEG5EI64_V
vloxseg5ei8.v,ld.b,def LD_B,v,VLOXSEG5EI8_V,VLOXSEG5EI8_V
vloxseg6ei16.v,ldi.h,def LDI_H,v,VLOXSEG6EI16_V,VLOXSEG6EI16_V
vloxseg6ei32.v,ld.w,def LD_W,v,VLOXSEG6EI32_V,VLOXSEG6EI32_V
vloxseg6ei64.v,ld.d,def LD_D,v,VLOXSEG6EI64_V,VLOXSEG6EI64_V
vloxseg6ei8.v,ldi.b,def LDI_B,v,VLOXSEG6EI8_V,VLOXSEG6EI8_V
vloxseg7ei16.v,ld.h,def LD_H,v,VLOXSEG7EI16_V,VLOXSEG7EI16_V
vloxseg7ei32.v,ld.w,def LD_W,v,VLOXSEG7EI32_V,VLOXSEG7EI32_V
vloxseg7ei64.v,ld.d,def LD_D,v,VLOXSEG7EI64_V,VLOXSEG7EI64_V
vloxseg7ei8.v,ld.b,def LD_B,v,VLOXSEG7EI8_V,VLOXSEG7EI8_V
vloxseg8ei16.v,ldi.h,def LDI_H,v,VLOXSEG8EI16_V,VLOXSEG8EI16_V
vloxseg8ei32.v,ld.w,def LD_W,v,VLOXSEG8EI32_V,VLOXSEG8EI32_V
vloxseg8ei64.v,ld.d,def LD_D,v,VLOXSEG8EI64_V,VLOXSEG8EI64_V
vloxseg8ei8.v,ldi.b,def LDI_B,v,VLOXSEG8EI8_V,VLOXSEG8EI8_V
vlse16.v,ld.h,def LD_H,v,VLSE16_V,VLSE16_V
vlse32.v,ld.w,def LD_W,v,VLSE32_V,VLSE32_V
vlse64.v,ld.d,def LD_D,v,VLSE64_V,VLSE64_V
vlse8.v,ldi.b,def LDI_B,v,VLSE8_V,VLSE8_V
vlseg2e16.v,ld.h,def LD_H,v,VLSEG2E16_V,VLSEG2E16_V
vlseg2e16ff.v,ld.h,def LD_H,v,VLSEG2E16FF_V,VLSEG2E16FF_V
vlseg2e32.v,ld.w,def LD_W,v,VLSEG2E32_V,VLSEG2E32_V
vlseg2e32ff.v,ld.w,def LD_W,v,VLSEG2E32FF_V,VLSEG2E32FF_V
vlseg2e64.v,ldi.d,def LDI_D,v,VLSEG2E64_V,VLSEG2E64_V
vlseg2e64ff.v,ldi.d,def LDI_D,v,VLSEG2E64FF_V,VLSEG2E64FF_V
vlseg2e8.v,ldi.b,def LDI_B,v,VLSEG2E8_V,VLSEG2E8_V
vlseg2e8ff.v,ld.b,def LD_B,v,VLSEG2E8FF_V,VLSEG2E8FF_V
vlseg3e16.v,ldi.h,def LDI_H,v,VLSEG3E16_V,VLSEG3E16_V
vlseg3e16ff.v,ld.h,def LD_H,v,VLSEG3E16FF_V,VLSEG3E16FF_V
vlseg3e32.v,ld.w,def LD_W,v,VLSEG3E32_V,VLSEG3E32_V
vlseg3e32ff.v,ld.w,def LD_W,v,VLSEG3E32FF_V,VLSEG3E32FF_V
vlseg3e64.v,ldi.d,def LDI_D,v,VLSEG3E64_V,VLSEG3E64_V
vlseg3e64ff.v,ld.d,def LD_D,v,VLSEG3E64FF_V,VLSEG3E64FF_V
vlseg3e8.v,ldi.b,def LDI_B,v,VLSEG3E8_V,VLSEG3E8_V
vlseg3e8ff.v,ldi.b,def LDI_B,v,VLSEG3E8FF_V,VLSEG3E8FF_V
vlseg4e16.v,ld.h,def LD_H,v,VLSEG4E16_V,VLSEG4E16_V
vlseg4e16ff.v,ld.h,def LD_H,v,VLSEG4E16FF_V,VLSEG4E16FF_V
vlseg4e32.v,ldi.w,def LDI_W,v,VLSEG4E32_V,VLSEG4E32_V
vlseg4e32ff.v,ldi.w,def LDI_W,v,VLSEG4E32FF_V,VLSEG4E32FF_V
vlseg4e64.v,ldi.d,def LDI_D,v,VLSEG4E64_V,VLSEG4E64_V
vlseg4e64ff.v,ld.d,def LD_D,v,VLSEG4E64FF_V,VLSEG4E64FF_V
vlseg4e8.v,ld.b,def LD_B,v,VLSEG4E8_V,VLSEG4E8_V
vlseg4e8ff.v,ld.b,def LD_B,v,VLSEG4E8FF_V,VLSEG4E8FF_V
vlseg5e16.v,ldi.h,def LDI_H,v,VLSEG5E16_V,VLSEG5E16_V
vlseg5e16ff.v,ldi.h,def LDI_H,v,VLSEG5E16FF_V,VLSEG5E16FF_V
vlseg5e32.v,ld.w,def LD_W,v,VLSEG5E32_V,VLSEG5E32_V
vlseg5e32ff.v,ld.w,def LD_W,v,VLSEG5E32FF_V,VLSEG5E32FF_V
vlseg5e64.v,ldi.d,def LDI_D,v,VLSEG5E64_V,VLSEG5E64_V
vlseg5e64ff.v,ldi.d,def LDI_D,v,VLSEG5E64FF_V,VLSEG5E64FF_V
vlseg5e8.v,ldi.b,def LDI_B,v,VLSEG5E8_V,VLSEG5E8_V
vlseg5e8ff.v,ldi.b,def LDI_B,v,VLSEG5E8FF_V,VLSEG5E8FF_V
vlseg6e16.v,ldi.h,def LDI_H,v,VLSEG6E16_V,VLSEG6E16_V
vlseg6e16ff.v,ld.h,def LD_H,v,VLSEG6E16FF_V,VLSEG6E16FF_V
vlseg6e32.v,ld.w,def LD_W,v,VLSEG6E32_V,VLSEG6E32_V
vlseg6e32ff.v,ld.w,def LD_W,v,VLSEG6E32FF_V,VLSEG6E32FF_V
vlseg6e64.v,ldi.d,def LDI_D,v,VLSEG6E64_V,VLSEG6E64_V
vlseg6e64ff.v,ld.d,def LD_D,v,VLSEG6E64FF_V,VLSEG6E64FF_V
vlseg6e8.v,ldi.b,def LDI_B,v,VLSEG6E8_V,VLSEG6E8_V
vlseg6e8ff.v,ldi.b,def LDI_B,v,VLSEG6E8FF_V,VLSEG6E8FF_V
vlseg7e16.v,ldi.h,def LDI_H,v,VLSEG7E16_V,VLSEG7E16_V
vlseg7e16ff.v,ldi.h,def LDI_H,v,VLSEG7E16FF_V,VLSEG7E16FF_V
vlseg7e32.v,ldi.w,def LDI_W,v,VLSEG7E32_V,VLSEG7E32_V
vlseg7e32ff.v,ld.w,def LD_W,v,VLSEG7E32FF_V,VLSEG7E32FF_V
vlseg7e64.v,ld.d,def LD_D,v,VLSEG7E64_V,VLSEG7E64_V
vlseg7e64ff.v,ldi.d,def LDI_D,v,VLSEG7E64FF_V,VLSEG7E64FF_V
vlseg7e8.v,ldi.b,def LDI_B,v,VLSEG7E8_V,VLSEG7E8_V
vlseg7e8ff.v,ldi.b,def LDI_B,v,VLSEG7E8FF_V,VLSEG7E8FF_V
vlseg8e16.v,ld.h,def LD_H,v,VLSEG8E16_V,VLSEG8E16_V
vlseg8e16ff.v,ld.h,def LD_H,v,VLSEG8E16FF_V,VLSEG8E16FF_V
vlseg8e32.v,ldi.w,def LDI_W,v,VLSEG8E32_V,VLSEG8E32_V
vlseg8e32ff.v,ldi.w,def LDI_W,v,VLSEG8E32FF_V,VLSEG8E32FF_V
vlseg8e64.v,ldi.d,def LDI_D,v,VLSEG8E64_V,VLSEG8E64_V
vlseg8e64ff.v,ldi.d,def LDI_D,v,VLSEG8E64FF_V,VLSEG8E64FF_V
vlseg8e8.v,ldi.b,def LDI_B,v,VLSEG8E8_V,VLSEG8E8_V
vlseg8e8ff.v,ldi.b,def LDI_B,v,VLSEG8E8FF_V,VLSEG8E8FF_V
vlsseg2e16.v,ld.h,def LD_H,v,VLSSEG2E16_V,VLSSEG2E16_V
vlsseg2e32.v,ld.w,def LD_W,v,VLSSEG2E32_V,VLSSEG2E32_V
vlsseg2e64.v,ld.d,def LD_D,v,VLSSEG2E64_V,VLSSEG2E64_V
vlsseg2e8.v,ldi.b,def LDI_B,v,VLSSEG2E8_V,VLSSEG2E8_V
vlsseg3e16.v,ld.h,def LD_H,v,VLSSEG3E16_V,VLSSEG3E16_V
vlsseg3e32.v,ld.w,def LD_W,v,VLSSEG3E32_V,VLSSEG3E32_V
vlsseg3e64.v,ld.d,def LD_D,v,VLSSEG3E64_V,VLSSEG3E64_V
vlsseg3e8.v,ld.b,def LD_B,v,VLSSEG3E8_V,VLSSEG3E8_V
vlsseg4e16.v,ld.h,def LD_H,v,VLSSEG4E16_V,VLSSEG4E16_V
vlsseg4e32.v,ld.w,def LD_W,v,VLSSEG4E32_V,VLSSEG4E32_V
vlsseg4e64.v,ld.d,def LD_D,v,VLSSEG4E64_V,VLSSEG4E64_V
vlsseg4e8.v,ldi.b,def LDI_B,v,VLSSEG4E8_V,VLSSEG4E8_V
vlsseg5e16.v,ld.h,def LD_H,v,VLSSEG5E16_V,VLSSEG5E16_V
vlsseg5e32.v,ld.w,def LD_W,v,VLSSEG5E32_V,VLSSEG5E32_V
vlsseg5e64.v,ld.d,def LD_D,v,VLSSEG5E64_V,VLSSEG5E64_V
vlsseg5e8.v,ld.b,def LD_B,v,VLSSEG5E8_V,VLSSEG5E8_V
vlsseg6e16.v,ld.h,def LD_H,v,VLSSEG6E16_V,VLSSEG6E16_V
vlsseg6e32.v,ld.w,def LD_W,v,VLSSEG6E32_V,VLSSEG6E32_V
vlsseg6e64.v,ld.d,def LD_D,v,VLSSEG6E64_V,VLSSEG6E64_V
vlsseg6e8.v,ldi.b,def LDI_B,v,VLSSEG6E8_V,VLSSEG6E8_V
vlsseg7e16.v,ld.h,def LD_H,v,VLSSEG7E16_V,VLSSEG7E16_V
vlsseg7e32.v,ld.w,def LD_W,v,VLSSEG7E32_V,VLSSEG7E32_V
vlsseg7e64.v,ld.d,def LD_D,v,VLSSEG7E64_V,VLSSEG7E64_V
vlsseg7e8.v,ld.b,def LD_B,v,VLSSEG7E8_V,VLSSEG7E8_V
vlsseg8e16.v,ld.h,def LD_H,v,VLSSEG8E16_V,VLSSEG8E16_V
vlsseg8e32.v,ld.w,def LD_W,v,VLSSEG8E32_V,VLSSEG8E32_V
vlsseg8e64.v,ld.d,def LD_D,v,VLSSEG8E64_V,VLSSEG8E64_V
vlsseg8e8.v,ldi.b,def LDI_B,v,VLSSEG8E8_V,VLSSEG8E8_V
vluxei16.v,ld.h,def LD_H,v,VLUXEI16_V,VLUXEI16_V
vluxei32.v,ld.w,def LD_W,v,VLUXEI32_V,VLUXEI32_V
vluxei64.v,ld.d,def LD_D,v,VLUXEI64_V,VLUXEI64_V
vluxei8.v,ld.b,def LD_B,v,VLUXEI8_V,VLUXEI8_V
vluxseg2ei16.v,ld.h,def LD_H,v,VLUXSEG2EI16_V,VLUXSEG2EI16_V
vluxseg2ei32.v,ld.w,def LD_W,v,VLUXSEG2EI32_V,VLUXSEG2EI32_V
vluxseg2ei64.v,ld.d,def LD_D,v,VLUXSEG2EI64_V,VLUXSEG2EI64_V
vluxseg2ei8.v,ld.b,def LD_B,v,VLUXSEG2EI8_V,VLUXSEG2EI8_V
vluxseg3ei16.v,ldi.h,def LDI_H,v,VLUXSEG3EI16_V,VLUXSEG3EI16_V
vluxseg3ei32.v,ld.w,def LD_W,v,VLUXSEG3EI32_V,VLUXSEG3EI32_V
vluxseg3ei64.v,ld.d,def LD_D,v,VLUXSEG3EI64_V,VLUXSEG3EI64_V
vluxseg3ei8.v,ld.b,def LD_B,v,VLUXSEG3EI8_V,VLUXSEG3EI8_V
vluxseg4ei16.v,ld.h,def LD_H,v,VLUXSEG4EI16_V,VLUXSEG4EI16_V
vluxseg4ei32.v,ld.w,def LD_W,v,VLUXSEG4EI32_V,VLUXSEG4EI32_V
vluxseg4ei64.v,ld.d,def LD_D,v,VLUXSEG4EI64_V,VLUXSEG4EI64_V
vluxseg4ei8.v,ldi.b,def LDI_B,v,VLUXSEG4EI8_V,VLUXSEG4EI8_V
vluxseg5ei16.v,ld.h,def LD_H,v,VLUXSEG5EI16_V,VLUXSEG5EI16_V
vluxseg5ei32.v,ld.w,def LD_W,v,VLUXSEG5EI32_V,VLUXSEG5EI32_V
vluxseg5ei64.v,ld.d,def LD_D,v,VLUXSEG5EI64_V,VLUXSEG5EI64_V
vluxseg5ei8.v,ldi.b,def LDI_B,v,VLUXSEG5EI8_V,VLUXSEG5EI8_V
vluxseg6ei16.v,ld.h,def LD_H,v,VLUXSEG6EI16_V,VLUXSEG6EI16_V
vluxseg6ei32.v,ld.w,def LD_W,v,VLUXSEG6EI32_V,VLUXSEG6EI32_V
vluxseg6ei64.v,ld.d,def LD_D,v,VLUXSEG6EI64_V,VLUXSEG6EI64_V
vluxseg6ei8.v,ldi.b,def LDI_B,v,VLUXSEG6EI8_V,VLUXSEG6EI8_V
vluxseg7ei16.v,ld.h,def LD_H,v,VLUXSEG7EI16_V,VLUXSEG7EI16_V
vluxseg7ei32.v,ld.w,def LD_W,v,VLUXSEG7EI32_V,VLUXSEG7EI32_V
vluxseg7ei64.v,ld.d,def LD_D,v,VLUXSEG7EI64_V,VLUXSEG7EI64_V
vluxseg7ei8.v,ldi.b,def LDI_B,v,VLUXSEG7EI8_V,VLUXSEG7EI8_V
vluxseg8ei16.v,ld.h,def LD_H,v,VLUXSEG8EI16_V,VLUXSEG8EI16_V
vluxseg8ei32.v,ld.w,def LD_W,v,VLUXSEG8EI32_V,VLUXSEG8EI32_V
vluxseg8ei64.v,ld.d,def LD_D,v,VLUXSEG8EI64_V,VLUXSEG8EI64_V
vluxseg8ei8.v,ldi.b,def LDI_B,v,VLUXSEG8EI8_V,VLUXSEG8EI8_V
vmacc.vv,dpsub_s.w,def DPSUB_S_W,v,VMACC_VV,VMACC_VV
vmacc.vx,fsqrt.w,def FSQRT_W,v,VMACC_VX,VMACC_VX
vmadc.vi,asub_s.w,def ASUB_S_W,v,VMADC_VI,VMADC_VI
vmadc.vim,maddv.w,def MADDV_W,v,VMADC_VIM,VMADC_VIM
vmadc.vv,asub_s.w,def ASUB_S_W,v,VMADC_VV,VMADC_VV
vmadc.vvm,asub_s.w,def ASUB_S_W,v,VMADC_VVM,VMADC_VVM
vmadc.vx,fexp2.w,def FEXP2_W,v,VMADC_VX,VMADC_VX
vmadc.vxm,adds_s.w,def ADDS_S_W,v,VMADC_VXM,VMADC_VXM
vmadd.vv,mulv.w,def MULV_W,v,VMADD_VV,VMADD_VV
vmadd.vx,msub_q.w,def MSUB_Q_W,v,VMADD_VX,VMADD_VX
vmand.mm,bsel.v,def BSEL_V,v,VMAND_MM,VMAND_MM
vmandnot.mm,bseli.b,def BSELI_B,v,VMANDNOT_MM,VMANDNOT_MM
vmax.vv,max_s.w,def MAX_S_W,v,VMAX_VV,VMAX_VV
vmax.vx,maxi_u.w,def MAXI_U_W,v,VMAX_VX,VMAX_VX
vmaxu.vv,max_s.w,def MAX_S_W,v,VMAXU_VV,VMAXU_VV
vmaxu.vx,min_s.w,def MIN_S_W,v,VMAXU_VX,VMAXU_VX
vmerge.vim,splat.w,def SPLAT_W,v,VMERGE_VIM,VMERGE_VIM
vmerge.vvm,splat.w,def SPLAT_W,v,VMERGE_VVM,VMERGE_VVM
vmerge.vxm,ftrunc_s.w,def FTRUNC_S_W,v,VMERGE_VXM,VMERGE_VXM
vmfeq.vf,fcule.w,def FCULE_W,v,VMFEQ_VF,VMFEQ_VF
vmfeq.vv,fsor.w,def FSOR_W,v,VMFEQ_VV,VMFEQ_VV
vmfge.vf,fcle.w,def FCLE_W,v,VMFGE_VF,VMFGE_VF
vmfgt.vf,fsne.w,def FSNE_W,v,VMFGT_VF,VMFGT_VF
vmfle.vf,fmin.w,def FMIN_W,v,VMFLE_VF,VMFLE_VF
vmfle.vv,fsne.w,def FSNE_W,v,VMFLE_VV,VMFLE_VV
vmflt.vf,fsult.w,def FSULT_W,v,VMFLT_VF,VMFLT_VF
vmflt.vv,fcle.w,def FCLE_W,v,VMFLT_VV,VMFLT_VV
vmfne.vf,fcaf.w,def FCAF_W,v,VMFNE_VF,VMFNE_VF
vmfne.vv,fsaf.w,def FSAF_W,v,VMFNE_VV,VMFNE_VV
vmin.vv,fsne.w,def FSNE_W,v,VMIN_VV,VMIN_VV
vmin.vx,clt_u.w,def CLT_U_W,v,VMIN_VX,VMIN_VX
vminu.vv,max_s.w,def MAX_S_W,v,VMINU_VV,VMINU_VV
vminu.vx,max_s.w,def MAX_S_W,v,VMINU_VX,VMINU_VX
vmnand.mm,bclr.w,def BCLR_W,v,VMNAND_MM,VMNAND_MM
vmnor.mm,bclr.w,def BCLR_W,v,VMNOR_MM,VMNOR_MM
vmor.mm,binsr.w,def BINSR_W,v,VMOR_MM,VMOR_MM
vmornot.mm,bclr.w,def BCLR_W,v,VMORNOT_MM,VMORNOT_MM
vmsbc.vv,asub_s.w,def ASUB_S_W,v,VMSBC_VV,VMSBC_VV
vmsbc.vvm,subsus_u.w,def SUBSUS_U_W,v,VMSBC_VVM,VMSBC_VVM
vmsbc.vx,maddv.w,def MADDV_W,v,VMSBC_VX,VMSBC_VX
vmsbc.vxm,aver_s.w,def AVER_S_W,v,VMSBC_VXM,VMSBC_VXM
vmsbf.m,nloc.w,def NLOC_W,v,VMSBF_M,VMSBF_M
vmseq.vi,fcule.w,def FCULE_W,v,VMSEQ_VI,VMSEQ_VI
vmseq.vv,ceq.w,def CEQ_W,v,VMSEQ_VV,VMSEQ_VV
vmseq.vx,fcune.w,def FCUNE_W,v,VMSEQ_VX,VMSEQ_VX
vmsgt.vi,cle_u.w,def CLE_U_W,v,VMSGT_VI,VMSGT_VI
vmsgt.vx,max_a.w,def MAX_A_W,v,VMSGT_VX,VMSGT_VX
vmsgtu.vi,maxi_u.w,def MAXI_U_W,v,VMSGTU_VI,VMSGTU_VI
vmsgtu.vx,maxi_u.w,def MAXI_U_W,v,VMSGTU_VX,VMSGTU_VX
vmsif.m,bmnz.v,def BMNZ_V,v,VMSIF_M,VMSIF_M
vmsle.vi,fslt.w,def FSLT_W,v,VMSLE_VI,VMSLE_VI
vmsle.vv,fsne.w,def FSNE_W,v,VMSLE_VV,VMSLE_VV
vmsle.vx,fsne.w,def FSNE_W,v,VMSLE_VX,VMSLE_VX
vmsleu.vi,max_s.w,def MAX_S_W,v,VMSLEU_VI,VMSLEU_VI
vmsleu.vv,clt_u.w,def CLT_U_W,v,VMSLEU_VV,VMSLEU_VV
vmsleu.vx,min_s.w,def MIN_S_W,v,VMSLEU_VX,VMSLEU_VX
vmslt.vv,max_a.w,def MAX_A_W,v,VMSLT_VV,VMSLT_VV
vmslt.vx,clt_s.w,def CLT_S_W,v,VMSLT_VX,VMSLT_VX
vmsltu.vv,fsne.w,def FSNE_W,v,VMSLTU_VV,VMSLTU_VV
vmsltu.vx,maxi_u.w,def MAXI_U_W,v,VMSLTU_VX,VMSLTU_VX
vmsne.vi,fcule.w,def FCULE_W,v,VMSNE_VI,VMSNE_VI
vmsne.vv,fsne.w,def FSNE_W,v,VMSNE_VV,VMSNE_VV
vmsne.vx,max_u.w,def MAX_U_W,v,VMSNE_VX,VMSNE_VX
vmsof.m,nloc.w,def NLOC_W,v,VMSOF_M,VMSOF_M
vmul.vv,msub_q.w,def MSUB_Q_W,v,VMUL_VV,VMUL_VV
vmul.vx,hadd_s.w,def HADD_S_W,v,VMUL_VX,VMUL_VX
vmulh.vv,ave_s.w,def AVE_S_W,v,VMULH_VV,VMULH_VV
vmulh.vx,hsub_u.w,def HSUB_U_W,v,VMULH_VX,VMULH_VX
vmulhsu.vv,msubv.w,def MSUBV_W,v,VMULHSU_VV,VMULHSU_VV
vmulhsu.vx,mulv.w,def MULV_W,v,VMULHSU_VX,VMULHSU_VX
vmulhu.vv,mulv.w,def MULV_W,v,VMULHU_VV,VMULHU_VV
vmulhu.vx,addv.w,def ADDV_W,v,VMULHU_VX,VMULHU_VX
vmv.s.x,fill.w,def FILL_W,v,VMV_S_X,VMV_S_X
vmv.v.i,fill.w,def FILL_W,v,VMV_V_I,VMV_V_I
vmv.v.v,move.v,def MOVE_V,v,VMV_V_V,VMV_V_V
vmv.v.x,fill.w,def FILL_W,v,VMV_V_X,VMV_V_X
vmv.x.s,move.v,def MOVE_V,v,VMV_X_S,VMV_X_S
vmv1r.v,fill.w,def FILL_W,v,VMV1R_V,VMV1R_V
vmv2r.v,move.v,def MOVE_V,v,VMV2R_V,VMV2R_V
vmv4r.v,move.v,def MOVE_V,v,VMV4R_V,VMV4R_V
vmv8r.v,move.v,def MOVE_V,v,VMV8R_V,VMV8R_V
vmxnor.mm,bset.w,def BSET_W,v,VMXNOR_MM,VMXNOR_MM
vmxor.mm,bnegi.w,def BNEGI_W,v,VMXOR_MM,VMXOR_MM
vnclip.wi,ffqr.d,def FFQR_D,v,VNCLIP_WI,VNCLIP_WI
vnclip.wv,ffql.d,def FFQL_D,v,VNCLIP_WV,VNCLIP_WV
vnclip.wx,ffint_s.d,def FFINT_S_D,v,VNCLIP_WX,VNCLIP_WX
vnclipu.wi,fexdo.w,def FEXDO_W,v,VNCLIPU_WI,VNCLIPU_WI
vnclipu.wv,ffint_s.d,def FFINT_S_D,v,VNCLIPU_WV,VNCLIPU_WV
vnclipu.wx,ffint_s.d,def FFINT_S_D,v,VNCLIPU_WX,VNCLIPU_WX
vnmsac.vv,addv.w,def ADDV_W,v,VNMSAC_VV,VNMSAC_VV
vnmsac.vx,addvi.w,def ADDVI_W,v,VNMSAC_VX,VNMSAC_VX
vnmsub.vv,mulr_q.w,def MULR_Q_W,v,VNMSUB_VV,VNMSUB_VV
vnmsub.vx,addvi.w,def ADDVI_W,v,VNMSUB_VX,VNMSUB_VX
vnsra.wi,srlri.d,def SRLRI_D,v,VNSRA_WI,VNSRA_WI
vnsra.wv,srli.d,def SRLI_D,v,VNSRA_WV,VNSRA_WV
vnsra.wx,srli.d,def SRLI_D,v,VNSRA_WX,VNSRA_WX
vnsrl.wi,srai.d,def SRAI_D,v,VNSRL_WI,VNSRL_WI
vnsrl.wv,srli.d,def SRLI_D,v,VNSRL_WV,VNSRL_WV
vnsrl.wx,srl.d,def SRL_D,v,VNSRL_WX,VNSRL_WX
vor.vi,bseli.b,def BSELI_B,v,VOR_VI,VOR_VI
vor.vv,bmz.v,def BMZ_V,v,VOR_VV,VOR_VV
vor.vx,or.v,def OR_V,v,VOR_VX,VOR_VX
vpopc.m,bset.w,def BSET_W,v,VPOPC_M,VPOPC_M
vredand.vs,ldi.w,def LDI_W,v,VREDAND_VS,VREDAND_VS
vredmax.vs,ldi.w,def LDI_W,v,VREDMAX_VS,VREDMAX_VS
vredmaxu.vs,ldi.w,def LDI_W,v,VREDMAXU_VS,VREDMAXU_VS
vredmin.vs,ldi.w,def LDI_W,v,VREDMIN_VS,VREDMIN_VS
vredminu.vs,ldi.w,def LDI_W,v,VREDMINU_VS,VREDMINU_VS
vredor.vs,ldi.w,def LDI_W,v,VREDOR_VS,VREDOR_VS
vredsum.vs,ldi.w,def LDI_W,v,VREDSUM_VS,VREDSUM_VS
vredxor.vs,ldi.w,def LDI_W,v,VREDXOR_VS,VREDXOR_VS
vrem.vv,msubv.w,def MSUBV_W,v,VREM_VV,VREM_VV
vrem.vx,mul_q.w,def MUL_Q_W,v,VREM_VX,VREM_VX
vremu.vv,addv.w,def ADDV_W,v,VREMU_VV,VREMU_VV
vremu.vx,mulr_q.w,def MULR_Q_W,v,VREMU_VX,VREMU_VX
vrgather.vi,splat.w,def SPLAT_W,v,VRGATHER_VI,VRGATHER_VI
vrgather.vv,splat.w,def SPLAT_W,v,VRGATHER_VV,VRGATHER_VV
vrgather.vx,splat.w,def SPLAT_W,v,VRGATHER_VX,VRGATHER_VX
vrgatherei16.vv,splat.w,def SPLAT_W,v,VRGATHEREI16_VV,VRGATHEREI16_VV
vrsub.vi,adds_u.w,def ADDS_U_W,v,VRSUB_VI,VRSUB_VI
vrsub.vx,frcp.w,def FRCP_W,v,VRSUB_VX,VRSUB_VX
vs1r.v,st.b,def ST_B,v,VS1R_V,VS1R_V
vs2r.v,st.h,def ST_H,v,VS2R_V,VS2R_V
vs4r.v,st.w,def ST_W,v,VS4R_V,VS4R_V
vs8r.v,st.d,def ST_D,v,VS8R_V,VS8R_V
vsadd.vi,aver_u.w,def AVER_U_W,v,VSADD_VI,VSADD_VI
vsadd.vv,asub_s.w,def ASUB_S_W,v,VSADD_VV,VSADD_VV
vsadd.vx,asub_s.w,def ASUB_S_W,v,VSADD_VX,VSADD_VX
vsaddu.vi,mulr_q.w,def MULR_Q_W,v,VSADDU_VI,VSADDU_VI
vsaddu.vv,dotp_u.w,def DOTP_U_W,v,VSADDU_VV,VSADDU_VV
vsaddu.vx,sat_s.w,def SAT_S_W,v,VSADDU_VX,VSADDU_VX
vsbc.vvm,subsus_u.w,def SUBSUS_U_W,v,VSBC_VVM,VSBC_VVM
vsbc.vxm,subsuu_s.w,def SUBSUU_S_W,v,VSBC_VXM,VSBC_VXM
vse1.v,st.w,def ST_W,v,VSE1_V,VSE1_V
vse16.v,st.h,def ST_H,v,VSE16_V,VSE16_V
vse32.v,st.w,def ST_W,v,VSE32_V,VSE32_V
vse64.v,st.d,def ST_D,v,VSE64_V,VSE64_V
vse8.v,st.b,def ST_B,v,VSE8_V,VSE8_V
vsetivli,bseti.w,def BSETI_W,v,VSETIVLI,VSETIVLI
vsetvl,bmnz.v,def BMNZ_V,v,VSETVL,VSETVL
vsetvli,bclr.w,def BCLR_W,v,VSETVLI,VSETVLI
vsext.vf2,splat.w,def SPLAT_W,v,VSEXT_VF2,VSEXT_VF2
vsext.vf4,splat.w,def SPLAT_W,v,VSEXT_VF4,VSEXT_VF4
vsext.vf8,splat.w,def SPLAT_W,v,VSEXT_VF8,VSEXT_VF8
vslide1down.vx,ilvev.w,def ILVEV_W,v,VSLIDE1DOWN_VX,VSLIDE1DOWN_VX
vslide1up.vx,ilvev.w,def ILVEV_W,v,VSLIDE1UP_VX,VSLIDE1UP_VX
vslidedown.vi,ilvev.w,def ILVEV_W,v,VSLIDEDOWN_VI,VSLIDEDOWN_VI
vslidedown.vx,sld.w,def SLD_W,v,VSLIDEDOWN_VX,VSLIDEDOWN_VX
vslideup.vi,ilvod.w,def ILVOD_W,v,VSLIDEUP_VI,VSLIDEUP_VI
vslideup.vx,vshf.w,def VSHF_W,v,VSLIDEUP_VX,VSLIDEUP_VX
vsll.vi,srari.w,def SRARI_W,v,VSLL_VI,VSLL_VI
vsll.vv,srari.w,def SRARI_W,v,VSLL_VV,VSLL_VV
vsll.vx,srai.w,def SRAI_W,v,VSLL_VX,VSLL_VX
vsmul.vv,addv.w,def ADDV_W,v,VSMUL_VV,VSMUL_VV
vsmul.vx,adds_s.w,def ADDS_S_W,v,VSMUL_VX,VSMUL_VX
vsoxei16.v,st.h,def ST_H,v,VSOXEI16_V,VSOXEI16_V
vsoxei32.v,st.w,def ST_W,v,VSOXEI32_V,VSOXEI32_V
vsoxei64.v,st.d,def ST_D,v,VSOXEI64_V,VSOXEI64_V
vsoxei8.v,st.b,def ST_B,v,VSOXEI8_V,VSOXEI8_V
vsoxseg2ei16.v,st.h,def ST_H,v,VSOXSEG2EI16_V,VSOXSEG2EI16_V
vsoxseg2ei32.v,st.w,def ST_W,v,VSOXSEG2EI32_V,VSOXSEG2EI32_V
vsoxseg2ei64.v,st.d,def ST_D,v,VSOXSEG2EI64_V,VSOXSEG2EI64_V
vsoxseg2ei8.v,st.b,def ST_B,v,VSOXSEG2EI8_V,VSOXSEG2EI8_V
vsoxseg3ei16.v,st.h,def ST_H,v,VSOXSEG3EI16_V,VSOXSEG3EI16_V
vsoxseg3ei32.v,st.w,def ST_W,v,VSOXSEG3EI32_V,VSOXSEG3EI32_V
vsoxseg3ei64.v,st.d,def ST_D,v,VSOXSEG3EI64_V,VSOXSEG3EI64_V
vsoxseg3ei8.v,st.b,def ST_B,v,VSOXSEG3EI8_V,VSOXSEG3EI8_V
vsoxseg4ei16.v,st.h,def ST_H,v,VSOXSEG4EI16_V,VSOXSEG4EI16_V
vsoxseg4ei32.v,st.w,def ST_W,v,VSOXSEG4EI32_V,VSOXSEG4EI32_V
vsoxseg4ei64.v,st.d,def ST_D,v,VSOXSEG4EI64_V,VSOXSEG4EI64_V
vsoxseg4ei8.v,st.b,def ST_B,v,VSOXSEG4EI8_V,VSOXSEG4EI8_V
vsoxseg5ei16.v,st.h,def ST_H,v,VSOXSEG5EI16_V,VSOXSEG5EI16_V
vsoxseg5ei32.v,st.w,def ST_W,v,VSOXSEG5EI32_V,VSOXSEG5EI32_V
vsoxseg5ei64.v,st.d,def ST_D,v,VSOXSEG5EI64_V,VSOXSEG5EI64_V
vsoxseg5ei8.v,st.b,def ST_B,v,VSOXSEG5EI8_V,VSOXSEG5EI8_V
vsoxseg6ei16.v,st.h,def ST_H,v,VSOXSEG6EI16_V,VSOXSEG6EI16_V
vsoxseg6ei32.v,st.w,def ST_W,v,VSOXSEG6EI32_V,VSOXSEG6EI32_V
vsoxseg6ei64.v,st.d,def ST_D,v,VSOXSEG6EI64_V,VSOXSEG6EI64_V
vsoxseg6ei8.v,st.b,def ST_B,v,VSOXSEG6EI8_V,VSOXSEG6EI8_V
vsoxseg7ei16.v,st.h,def ST_H,v,VSOXSEG7EI16_V,VSOXSEG7EI16_V
vsoxseg7ei32.v,st.w,def ST_W,v,VSOXSEG7EI32_V,VSOXSEG7EI32_V
vsoxseg7ei64.v,st.d,def ST_D,v,VSOXSEG7EI64_V,VSOXSEG7EI64_V
vsoxseg7ei8.v,st.b,def ST_B,v,VSOXSEG7EI8_V,VSOXSEG7EI8_V
vsoxseg8ei16.v,st.h,def ST_H,v,VSOXSEG8EI16_V,VSOXSEG8EI16_V
vsoxseg8ei32.v,st.w,def ST_W,v,VSOXSEG8EI32_V,VSOXSEG8EI32_V
vsoxseg8ei64.v,st.d,def ST_D,v,VSOXSEG8EI64_V,VSOXSEG8EI64_V
vsoxseg8ei8.v,st.b,def ST_B,v,VSOXSEG8EI8_V,VSOXSEG8EI8_V
vsra.vi,srar.w,def SRAR_W,v,VSRA_VI,VSRA_VI
vsra.vv,srar.w,def SRAR_W,v,VSRA_VV,VSRA_VV
vsra.vx,srl.w,def SRL_W,v,VSRA_VX,VSRA_VX
vsrl.vi,srari.w,def SRARI_W,v,VSRL_VI,VSRL_VI
vsrl.vv,srari.w,def SRARI_W,v,VSRL_VV,VSRL_VV
vsrl.vx,srlr.w,def SRLR_W,v,VSRL_VX,VSRL_VX
vsse16.v,st.h,def ST_H,v,VSSE16_V,VSSE16_V
vsse32.v,st.w,def ST_W,v,VSSE32_V,VSSE32_V
vsse64.v,st.d,def ST_D,v,VSSE64_V,VSSE64_V
vsse8.v,st.b,def ST_B,v,VSSE8_V,VSSE8_V
vsseg2e16.v,st.h,def ST_H,v,VSSEG2E16_V,VSSEG2E16_V
vsseg2e32.v,st.w,def ST_W,v,VSSEG2E32_V,VSSEG2E32_V
vsseg2e64.v,st.d,def ST_D,v,VSSEG2E64_V,VSSEG2E64_V
vsseg2e8.v,st.b,def ST_B,v,VSSEG2E8_V,VSSEG2E8_V
vsseg3e16.v,st.h,def ST_H,v,VSSEG3E16_V,VSSEG3E16_V
vsseg3e32.v,st.w,def ST_W,v,VSSEG3E32_V,VSSEG3E32_V
vsseg3e64.v,st.d,def ST_D,v,VSSEG3E64_V,VSSEG3E64_V
vsseg3e8.v,st.b,def ST_B,v,VSSEG3E8_V,VSSEG3E8_V
vsseg4e16.v,st.h,def ST_H,v,VSSEG4E16_V,VSSEG4E16_V
vsseg4e32.v,st.w,def ST_W,v,VSSEG4E32_V,VSSEG4E32_V
vsseg4e64.v,st.d,def ST_D,v,VSSEG4E64_V,VSSEG4E64_V
vsseg4e8.v,st.b,def ST_B,v,VSSEG4E8_V,VSSEG4E8_V
vsseg5e16.v,st.h,def ST_H,v,VSSEG5E16_V,VSSEG5E16_V
vsseg5e32.v,st.w,def ST_W,v,VSSEG5E32_V,VSSEG5E32_V
vsseg5e64.v,st.d,def ST_D,v,VSSEG5E64_V,VSSEG5E64_V
vsseg5e8.v,st.b,def ST_B,v,VSSEG5E8_V,VSSEG5E8_V
vsseg6e16.v,st.h,def ST_H,v,VSSEG6E16_V,VSSEG6E16_V
vsseg6e32.v,st.w,def ST_W,v,VSSEG6E32_V,VSSEG6E32_V
vsseg6e64.v,st.d,def ST_D,v,VSSEG6E64_V,VSSEG6E64_V
vsseg6e8.v,st.b,def ST_B,v,VSSEG6E8_V,VSSEG6E8_V
vsseg7e16.v,st.h,def ST_H,v,VSSEG7E16_V,VSSEG7E16_V
vsseg7e32.v,st.w,def ST_W,v,VSSEG7E32_V,VSSEG7E32_V
vsseg7e64.v,st.d,def ST_D,v,VSSEG7E64_V,VSSEG7E64_V
vsseg7e8.v,st.b,def ST_B,v,VSSEG7E8_V,VSSEG7E8_V
vsseg8e16.v,st.h,def ST_H,v,VSSEG8E16_V,VSSEG8E16_V
vsseg8e32.v,st.w,def ST_W,v,VSSEG8E32_V,VSSEG8E32_V
vsseg8e64.v,st.d,def ST_D,v,VSSEG8E64_V,VSSEG8E64_V
vsseg8e8.v,st.b,def ST_B,v,VSSEG8E8_V,VSSEG8E8_V
vssra.vi,bsel.v,def BSEL_V,v,VSSRA_VI,VSSRA_VI
vssra.vv,nor.v,def NOR_V,v,VSSRA_VV,VSSRA_VV
vssra.vx,xor.v,def XOR_V,v,VSSRA_VX,VSSRA_VX
vssrl.vi,binsli.w,def BINSLI_W,v,VSSRL_VI,VSSRL_VI
vssrl.vv,bmnz.v,def BMNZ_V,v,VSSRL_VV,VSSRL_VV
vssrl.vx,nor.v,def NOR_V,v,VSSRL_VX,VSSRL_VX
vssseg2e16.v,st.h,def ST_H,v,VSSSEG2E16_V,VSSSEG2E16_V
vssseg2e32.v,st.w,def ST_W,v,VSSSEG2E32_V,VSSSEG2E32_V
vssseg2e64.v,st.d,def ST_D,v,VSSSEG2E64_V,VSSSEG2E64_V
vssseg2e8.v,st.b,def ST_B,v,VSSSEG2E8_V,VSSSEG2E8_V
vssseg3e16.v,st.h,def ST_H,v,VSSSEG3E16_V,VSSSEG3E16_V
vssseg3e32.v,st.w,def ST_W,v,VSSSEG3E32_V,VSSSEG3E32_V
vssseg3e64.v,st.d,def ST_D,v,VSSSEG3E64_V,VSSSEG3E64_V
vssseg3e8.v,st.b,def ST_B,v,VSSSEG3E8_V,VSSSEG3E8_V
vssseg4e16.v,st.h,def ST_H,v,VSSSEG4E16_V,VSSSEG4E16_V
vssseg4e32.v,st.w,def ST_W,v,VSSSEG4E32_V,VSSSEG4E32_V
vssseg4e64.v,st.d,def ST_D,v,VSSSEG4E64_V,VSSSEG4E64_V
vssseg4e8.v,st.b,def ST_B,v,VSSSEG4E8_V,VSSSEG4E8_V
vssseg5e16.v,st.h,def ST_H,v,VSSSEG5E16_V,VSSSEG5E16_V
vssseg5e32.v,st.w,def ST_W,v,VSSSEG5E32_V,VSSSEG5E32_V
vssseg5e64.v,st.d,def ST_D,v,VSSSEG5E64_V,VSSSEG5E64_V
vssseg5e8.v,st.b,def ST_B,v,VSSSEG5E8_V,VSSSEG5E8_V
vssseg6e16.v,st.h,def ST_H,v,VSSSEG6E16_V,VSSSEG6E16_V
vssseg6e32.v,st.w,def ST_W,v,VSSSEG6E32_V,VSSSEG6E32_V
vssseg6e64.v,st.d,def ST_D,v,VSSSEG6E64_V,VSSSEG6E64_V
vssseg6e8.v,st.b,def ST_B,v,VSSSEG6E8_V,VSSSEG6E8_V
vssseg7e16.v,st.h,def ST_H,v,VSSSEG7E16_V,VSSSEG7E16_V
vssseg7e32.v,st.w,def ST_W,v,VSSSEG7E32_V,VSSSEG7E32_V
vssseg7e64.v,st.d,def ST_D,v,VSSSEG7E64_V,VSSSEG7E64_V
vssseg7e8.v,st.b,def ST_B,v,VSSSEG7E8_V,VSSSEG7E8_V
vssseg8e16.v,st.h,def ST_H,v,VSSSEG8E16_V,VSSSEG8E16_V
vssseg8e32.v,st.w,def ST_W,v,VSSSEG8E32_V,VSSSEG8E32_V
vssseg8e64.v,st.d,def ST_D,v,VSSSEG8E64_V,VSSSEG8E64_V
vssseg8e8.v,st.b,def ST_B,v,VSSSEG8E8_V,VSSSEG8E8_V
vssub.vv,hadd_u.w,def HADD_U_W,v,VSSUB_VV,VSSUB_VV
vssub.vx,adds_s.w,def ADDS_S_W,v,VSSUB_VX,VSSUB_VX
vssubu.vv,aver_s.w,def AVER_S_W,v,VSSUBU_VV,VSSUBU_VV
vssubu.vx,ave_s.w,def AVE_S_W,v,VSSUBU_VX,VSSUBU_VX
vsub.vv,ave_s.w,def AVE_S_W,v,VSUB_VV,VSUB_VV
vsub.vx,addv.w,def ADDV_W,v,VSUB_VX,VSUB_VX
vsuxei16.v,st.h,def ST_H,v,VSUXEI16_V,VSUXEI16_V
vsuxei32.v,st.w,def ST_W,v,VSUXEI32_V,VSUXEI32_V
vsuxei64.v,st.d,def ST_D,v,VSUXEI64_V,VSUXEI64_V
vsuxei8.v,st.b,def ST_B,v,VSUXEI8_V,VSUXEI8_V
vsuxseg2ei16.v,st.h,def ST_H,v,VSUXSEG2EI16_V,VSUXSEG2EI16_V
vsuxseg2ei32.v,st.w,def ST_W,v,VSUXSEG2EI32_V,VSUXSEG2EI32_V
vsuxseg2ei64.v,st.d,def ST_D,v,VSUXSEG2EI64_V,VSUXSEG2EI64_V
vsuxseg2ei8.v,st.b,def ST_B,v,VSUXSEG2EI8_V,VSUXSEG2EI8_V
vsuxseg3ei16.v,st.h,def ST_H,v,VSUXSEG3EI16_V,VSUXSEG3EI16_V
vsuxseg3ei32.v,st.w,def ST_W,v,VSUXSEG3EI32_V,VSUXSEG3EI32_V
vsuxseg3ei64.v,st.d,def ST_D,v,VSUXSEG3EI64_V,VSUXSEG3EI64_V
vsuxseg3ei8.v,st.b,def ST_B,v,VSUXSEG3EI8_V,VSUXSEG3EI8_V
vsuxseg4ei16.v,st.h,def ST_H,v,VSUXSEG4EI16_V,VSUXSEG4EI16_V
vsuxseg4ei32.v,st.w,def ST_W,v,VSUXSEG4EI32_V,VSUXSEG4EI32_V
vsuxseg4ei64.v,st.d,def ST_D,v,VSUXSEG4EI64_V,VSUXSEG4EI64_V
vsuxseg4ei8.v,st.b,def ST_B,v,VSUXSEG4EI8_V,VSUXSEG4EI8_V
vsuxseg5ei16.v,st.h,def ST_H,v,VSUXSEG5EI16_V,VSUXSEG5EI16_V
vsuxseg5ei32.v,st.w,def ST_W,v,VSUXSEG5EI32_V,VSUXSEG5EI32_V
vsuxseg5ei64.v,st.d,def ST_D,v,VSUXSEG5EI64_V,VSUXSEG5EI64_V
vsuxseg5ei8.v,st.b,def ST_B,v,VSUXSEG5EI8_V,VSUXSEG5EI8_V
vsuxseg6ei16.v,st.h,def ST_H,v,VSUXSEG6EI16_V,VSUXSEG6EI16_V
vsuxseg6ei32.v,st.w,def ST_W,v,VSUXSEG6EI32_V,VSUXSEG6EI32_V
vsuxseg6ei64.v,st.d,def ST_D,v,VSUXSEG6EI64_V,VSUXSEG6EI64_V
vsuxseg6ei8.v,st.b,def ST_B,v,VSUXSEG6EI8_V,VSUXSEG6EI8_V
vsuxseg7ei16.v,st.h,def ST_H,v,VSUXSEG7EI16_V,VSUXSEG7EI16_V
vsuxseg7ei32.v,st.w,def ST_W,v,VSUXSEG7EI32_V,VSUXSEG7EI32_V
vsuxseg7ei64.v,st.d,def ST_D,v,VSUXSEG7EI64_V,VSUXSEG7EI64_V
vsuxseg7ei8.v,st.b,def ST_B,v,VSUXSEG7EI8_V,VSUXSEG7EI8_V
vsuxseg8ei16.v,st.h,def ST_H,v,VSUXSEG8EI16_V,VSUXSEG8EI16_V
vsuxseg8ei32.v,st.w,def ST_W,v,VSUXSEG8EI32_V,VSUXSEG8EI32_V
vsuxseg8ei64.v,st.d,def ST_D,v,VSUXSEG8EI64_V,VSUXSEG8EI64_V
vsuxseg8ei8.v,st.b,def ST_B,v,VSUXSEG8EI8_V,VSUXSEG8EI8_V
vwadd.vv,dpsub_u.d,def DPSUB_U_D,v,VWADD_VV,VWADD_VV
vwadd.vx,mulv.d,def MULV_D,v,VWADD_VX,VWADD_VX
vwadd.wv,dpsub_u.d,def DPSUB_U_D,v,VWADD_WV,VWADD_WV
vwadd.wx,fsqrt.d,def FSQRT_D,v,VWADD_WX,VWADD_WX
vwaddu.vv,addv.d,def ADDV_D,v,VWADDU_VV,VWADDU_VV
vwaddu.vx,msubv.d,def MSUBV_D,v,VWADDU_VX,VWADDU_VX
vwaddu.wv,addv.d,def ADDV_D,v,VWADDU_WV,VWADDU_WV
vwaddu.wx,maddv.d,def MADDV_D,v,VWADDU_WX,VWADDU_WX
vwmacc.vv,dpsub_u.w,def DPSUB_U_W,v,VWMACC_VV,VWMACC_VV
vwmacc.vx,ave_u.w,def AVE_U_W,v,VWMACC_VX,VWMACC_VX
vwmaccsu.vv,dotp_u.w,def DOTP_U_W,v,VWMACCSU_VV,VWMACCSU_VV
vwmaccsu.vx,mulr_q.w,def MULR_Q_W,v,VWMACCSU_VX,VWMACCSU_VX
vwmaccu.vv,hsub_u.w,def HSUB_U_W,v,VWMACCU_VV,VWMACCU_VV
vwmaccu.vx,addv.w,def ADDV_W,v,VWMACCU_VX,VWMACCU_VX
vwmaccus.vx,fadd.w,def FADD_W,v,VWMACCUS_VX,VWMACCUS_VX
vwmul.vv,aver_s.d,def AVER_S_D,v,VWMUL_VV,VWMUL_VV
vwmul.vx,adds_u.d,def ADDS_U_D,v,VWMUL_VX,VWMUL_VX
vwmulsu.vv,subs_s.d,def SUBS_S_D,v,VWMULSU_VV,VWMULSU_VV
vwmulsu.vx,ave_s.d,def AVE_S_D,v,VWMULSU_VX,VWMULSU_VX
vwmulu.vv,adds_u.d,def ADDS_U_D,v,VWMULU_VV,VWMULU_VV
vwmulu.vx,adds_u.d,def ADDS_U_D,v,VWMULU_VX,VWMULU_VX
vwredsum.vs,ld.d,def LD_D,v,VWREDSUM_VS,VWREDSUM_VS
vwredsumu.vs,ld.d,def LD_D,v,VWREDSUMU_VS,VWREDSUMU_VS
vwsub.vv,dpsub_u.d,def DPSUB_U_D,v,VWSUB_VV,VWSUB_VV
vwsub.vx,adds_u.d,def ADDS_U_D,v,VWSUB_VX,VWSUB_VX
vwsub.wv,ave_s.d,def AVE_S_D,v,VWSUB_WV,VWSUB_WV
vwsub.wx,aver_s.d,def AVER_S_D,v,VWSUB_WX,VWSUB_WX
vwsubu.vv,dpadd_u.d,def DPADD_U_D,v,VWSUBU_VV,VWSUBU_VV
vwsubu.vx,subs_s.d,def SUBS_S_D,v,VWSUBU_VX,VWSUBU_VX
vwsubu.wv,addv.d,def ADDV_D,v,VWSUBU_WV,VWSUBU_WV
vwsubu.wx,aver_s.d,def AVER_S_D,v,VWSUBU_WX,VWSUBU_WX
vxor.vi,bclri.w,def BCLRI_W,v,VXOR_VI,VXOR_VI
vxor.vv,xor.v,def XOR_V,v,VXOR_VV,VXOR_VV
vxor.vx,bmnz.v,def BMNZ_V,v,VXOR_VX,VXOR_VX
vzext.vf2,splat.w,def SPLAT_W,v,VZEXT_VF2,VZEXT_VF2
vzext.vf4,splat.w,def SPLAT_W,v,VZEXT_VF4,VZEXT_VF4
vzext.vf8,splat.w,def SPLAT_W,v,VZEXT_VF8,VZEXT_VF8
